-- SELECT ON INEQUALITY --

-- SOLUTION: SELECT * FROM charlie WHERE CFR <= 1634;

-- SETUP
INSERT INTO charlie (RSAB, SF, TFR, CFR, TTYL)
VALUES ('MTHMSTFRE', 'MTHMST', '1833', '1634', 'PT');

INSERT INTO charlie (RSAB, SF, TFR, CFR, TTYL)
VALUES ('MTHMSTITA', 'MTHMST', '1799', '1634', 'PT');

INSERT INTO charlie (RSAB, SF, TFR, CFR, TTYL)
VALUES ('ICPCITA', 'ICPC', '723', '722', 'CP,PT');

INSERT INTO charlie (RSAB, SF, TFR, CFR, TTYL)
VALUES ('ICPCNOR', 'ICPC', '722', '721', 'CP,PT');

INSERT INTO charlie (RSAB, SF, TFR, CFR, TTYL)
VALUES ('CCS', 'CCS', '1617', '1109', 'HT,MD,MV,SD,SP,XM');

INSERT INTO charlie (RSAB, SF, TFR, CFR, TTYL)
VALUES ('AOT', 'AOT', '471', '276', 'ET,PT');

INSERT INTO charlie (RSAB, SF, TFR, CFR, TTYL)
VALUES ('TKMT', 'TKMT', '770', '761', 'PT');

INSERT INTO charlie (RSAB, SF, TFR, CFR, TTYL)
VALUES ('COSTAR', 'COSTAR', '3461', '3086', 'PT');

INSERT INTO charlie (RSAB, SF, TFR, CFR, TTYL)
VALUES ('UWDA', 'UWDA', '92913', '61125', 'PT,SY');

INSERT INTO charlie (RSAB, SF, TFR, CFR, TTYL)
VALUES ('SPN', 'SPN', '4881', '4810', 'PT');

INSERT INTO charlie (RSAB, SF, TFR, CFR, TTYL)
VALUES ('HL7V2.5', 'HL7V2.5', '5019', '4911', 'HTN,PT');

INSERT INTO charlie (RSAB, SF, TFR, CFR, TTYL)
VALUES ('CSP', 'CSP', '22775', '16642', 'AB,ET,PT,SY');

INSERT INTO charlie (RSAB, SF, TFR, CFR, TTYL)
VALUES ('CHV', 'CHV', '146324', '56353', 'PT,SY');

INSERT INTO charlie (RSAB, SF, TFR, CFR, TTYL)
VALUES ('LCH_NW', 'LCH', '13329', '13273', 'PT,XM');

INSERT INTO charlie (RSAB, SF, TFR, CFR, TTYL)
VALUES ('ICD9CM', 'ICD9CM', '40855', '20996', 'AB,HT,PT');

INSERT INTO charlie (RSAB, SF, TFR, CFR, TTYL)
VALUES ('MTHICD9', 'ICD9CM', '23525', '19120', 'ET');

INSERT INTO charlie (RSAB, SF, TFR, CFR, TTYL)
VALUES ('USPMG', 'USPMG', '1703', '1696', 'HC,PT');

INSERT INTO charlie (RSAB, SF, TFR, CFR, TTYL)
VALUES ('NCBI', 'NCBI', '1957848', '1409497', 'AUN,CMN,EQ,SCN,SY,UAUN,UCN,UE,USN,USY');


-- GOAL


INSERT INTO charlied (RSAB, SF, TFR, CFR, TTYL) 
VALUES('MTHMSTFRE', 'MTHMST', '1833', '1634', 'PT');

INSERT INTO charlied (RSAB, SF, TFR, CFR, TTYL) 
VALUES('MTHMSTITA', 'MTHMST', '1799', '1634', 'PT');

INSERT INTO charlied (RSAB, SF, TFR, CFR, TTYL) 
VALUES('ICPCITA', 'ICPC', '723', '722', 'CP,PT');

INSERT INTO charlied (RSAB, SF, TFR, CFR, TTYL) 
VALUES('ICPCNOR', 'ICPC', '722', '721', 'CP,PT');

INSERT INTO charlied (RSAB, SF, TFR, CFR, TTYL) 
VALUES('CCS', 'CCS', '1617', '1109', 'HT,MD,MV,SD,SP,XM');

INSERT INTO charlied (RSAB, SF, TFR, CFR, TTYL) 
VALUES('AOT', 'AOT', '471', '276', 'ET,PT');

INSERT INTO charlied (RSAB, SF, TFR, CFR, TTYL) 
VALUES('TKMT', 'TKMT', '770', '761', 'PT');

-- HIDDEN TESTS

-- SETUP 2



INSERT INTO charlie2 (RSAB, SF, TFR, CFR, TTYL)
VALUES ('NCI_CRCH', 'NCI', '868', '411', 'PT,SY');

INSERT INTO charlie2 (RSAB, SF, TFR, CFR, TTYL)
VALUES ('NCI_DTP', 'NCI', '1964', '1324', 'PT,SY');

INSERT INTO charlie2 (RSAB, SF, TFR, CFR, TTYL)
VALUES ('NCI_DICOM', 'NCI', '114', '114', 'PT');

INSERT INTO charlie2 (RSAB, SF, TFR, CFR, TTYL)
VALUES ('NCI_ICH', 'NCI', '500', '215', 'AB,PT,SY');

INSERT INTO charlie2 (RSAB, SF, TFR, CFR, TTYL)
VALUES ('NCI_DCP', 'NCI', '908', '904', 'PT,SY');

INSERT INTO charlie2 (RSAB, SF, TFR, CFR, TTYL)
VALUES ('NCI_JAX', 'NCI', '156', '156', 'PT,SY');

INSERT INTO charlie2 (RSAB, SF, TFR, CFR, TTYL)
VALUES ('NCI_CTEP-SDC', 'NCI', '463', '373', 'PT,SY');

INSERT INTO charlie2 (RSAB, SF, TFR, CFR, TTYL)
VALUES ('NCI_NCPDP', 'NCI', '544', '539', 'PT,SY');

INSERT INTO charlie2 (RSAB, SF, TFR, CFR, TTYL)
VALUES ('NCI_KEGG', 'NCI', '278', '244', 'AB,PT,SY');

INSERT INTO charlie2 (RSAB, SF, TFR, CFR, TTYL)
VALUES ('NCI_CDISC-GLOSS', 'NCI', '781', '710', 'PT,SY');

INSERT INTO charlie2 (RSAB, SF, TFR, CFR, TTYL)
VALUES ('NCI_CPTAC', 'NCI', '463', '455', 'AB,PT,SY');

INSERT INTO charlie2 (RSAB, SF, TFR, CFR, TTYL)
VALUES ('NCI_INC', 'NCI', '201', '201', 'PT');

INSERT INTO charlie2 (RSAB, SF, TFR, CFR, TTYL)
VALUES ('NCI_NICHD', 'NCI', '7377', '4764', 'OP,PT,SY');

INSERT INTO charlie2 (RSAB, SF, TFR, CFR, TTYL)
VALUES ('NCI_FDA', 'NCI', '23955', '21642', 'AB,PT,SY');

INSERT INTO charlie2 (RSAB, SF, TFR, CFR, TTYL)
VALUES ('NCI_CDISC', 'NCI', '48744', '20578', 'PT,SY');

INSERT INTO charlie2 (RSAB, SF, TFR, CFR, TTYL)
VALUES ('NCI_NCI-HGNC', 'NCI', '4894', '4893', 'PT,SY');

INSERT INTO charlie2 (RSAB, SF, TFR, CFR, TTYL)
VALUES ('NCI_CTRP', 'NCI', '20500', '20261', 'DN,PT,SY');




-- GOAL 2:





INSERT INTO charlie2d (RSAB, SF, TFR, CFR, TTYL)
VALUES ('NCI_CRCH', 'NCI', '868', '411', 'PT,SY');

INSERT INTO charlie2d (RSAB, SF, TFR, CFR, TTYL)
VALUES ('NCI_DTP', 'NCI', '1964', '1324', 'PT,SY');

INSERT INTO charlie2d (RSAB, SF, TFR, CFR, TTYL)
VALUES ('NCI_DICOM', 'NCI', '114', '114', 'PT');

INSERT INTO charlie2d (RSAB, SF, TFR, CFR, TTYL)
VALUES ('NCI_ICH', 'NCI', '500', '215', 'AB,PT,SY');

INSERT INTO charlie2d (RSAB, SF, TFR, CFR, TTYL)
VALUES ('NCI_DCP', 'NCI', '908', '904', 'PT,SY');

INSERT INTO charlie2d (RSAB, SF, TFR, CFR, TTYL)
VALUES ('NCI_JAX', 'NCI', '156', '156', 'PT,SY');

INSERT INTO charlie2d (RSAB, SF, TFR, CFR, TTYL)
VALUES ('NCI_CTEP-SDC', 'NCI', '463', '373', 'PT,SY');

INSERT INTO charlie2d (RSAB, SF, TFR, CFR, TTYL)
VALUES ('NCI_NCPDP', 'NCI', '544', '539', 'PT,SY');

INSERT INTO charlie2d (RSAB, SF, TFR, CFR, TTYL)
VALUES ('NCI_KEGG', 'NCI', '278', '244', 'AB,PT,SY');

INSERT INTO charlie2d (RSAB, SF, TFR, CFR, TTYL)
VALUES ('NCI_CDISC-GLOSS', 'NCI', '781', '710', 'PT,SY');

INSERT INTO charlie2d (RSAB, SF, TFR, CFR, TTYL)
VALUES ('NCI_CPTAC', 'NCI', '463', '455', 'AB,PT,SY');

INSERT INTO charlie2d (RSAB, SF, TFR, CFR, TTYL)
VALUES ('NCI_INC', 'NCI', '201', '201', 'PT');



-- SETUP 3:





INSERT INTO charlie3 (RSAB, SF, TFR, CFR, TTYL)
VALUES ('CCS', 'CCS', '1617', '1109', 'HT,MD,MV,SD,SP,XM');

INSERT INTO charlie3 (RSAB, SF, TFR, CFR, TTYL)
VALUES ('AOT', 'AOT', '471', '276', 'ET,PT');

INSERT INTO charlie3 (RSAB, SF, TFR, CFR, TTYL)
VALUES ('TKMT', 'TKMT', '770', '761', 'PT');

INSERT INTO charlie3 (RSAB, SF, TFR, CFR, TTYL)
VALUES ('SOP', 'SOP', '162', '162', 'PT');

INSERT INTO charlie3 (RSAB, SF, TFR, CFR, TTYL)
VALUES ('MVX', 'MVX', '77', '76', 'PT');

INSERT INTO charlie3 (RSAB, SF, TFR, CFR, TTYL)
VALUES ('HL7V2.5', 'HL7V2.5', '5019', '4911', 'HTN,PT');

INSERT INTO charlie3 (RSAB, SF, TFR, CFR, TTYL)
VALUES ('CSP', 'CSP', '22775', '16642', 'AB,ET,PT,SY');

INSERT INTO charlie3 (RSAB, SF, TFR, CFR, TTYL)
VALUES ('CHV', 'CHV', '146324', '56353', 'PT,SY');

INSERT INTO charlie3 (RSAB, SF, TFR, CFR, TTYL)
VALUES ('LCH_NW', 'LCH', '13329', '13273', 'PT,XM');

INSERT INTO charlie3 (RSAB, SF, TFR, CFR, TTYL)
VALUES ('ICD9CM', 'ICD9CM', '40855', '20996', 'AB,HT,PT');

INSERT INTO charlie3 (RSAB, SF, TFR, CFR, TTYL)
VALUES ('MTHICD9', 'ICD9CM', '23525', '19120', 'ET');

INSERT INTO charlie3 (RSAB, SF, TFR, CFR, TTYL)
VALUES ('USPMG', 'USPMG', '1703', '1696', 'HC,PT');

INSERT INTO charlie3 (RSAB, SF, TFR, CFR, TTYL)
VALUES ('NCBI', 'NCBI', '1957848', '1409497', 'AUN,CMN,EQ,SCN,SY,UAUN,UCN,UE,USN,USY');

INSERT INTO charlie3 (RSAB, SF, TFR, CFR, TTYL)
VALUES ('FMA', 'FMA', '171017', '102424', 'AB,IS,OP,PT,SY');

INSERT INTO charlie3 (RSAB, SF, TFR, CFR, TTYL)
VALUES ('HGNC', 'HGNC', '173731', '41304', 'ACR,MTH_ACR,NA,PT,SYN');

INSERT INTO charlie3 (RSAB, SF, TFR, CFR, TTYL)
VALUES ('GO', 'GO', '178923', '70302', 'ET,IS,MTH_ET,MTH_IS,MTH_OET,MTH_OP,MTH_PT,MTH_SY,OET,OP,PT,SY');

INSERT INTO charlie3 (RSAB, SF, TFR, CFR, TTYL)
VALUES ('ICD10PCS', 'ICD10PCS', '349906', '190389', 'AB,HS,HT,HX,MTH_HX,PT,PX');

INSERT INTO charlie3 (RSAB, SF, TFR, CFR, TTYL)
VALUES ('HCPCS', 'HCPCS', '13610', '6656', 'AB,AM,MP,OA,OAM,OM,OP,PT');

-- GOAL 3:




INSERT INTO charlie3d (RSAB, SF, TFR, CFR, TTYL)
VALUES ('CCS', 'CCS', '1617', '1109', 'HT,MD,MV,SD,SP,XM');

INSERT INTO charlie3d (RSAB, SF, TFR, CFR, TTYL)
VALUES ('AOT', 'AOT', '471', '276', 'ET,PT');

INSERT INTO charlie3d (RSAB, SF, TFR, CFR, TTYL)
VALUES ('TKMT', 'TKMT', '770', '761', 'PT');

INSERT INTO charlie3d (RSAB, SF, TFR, CFR, TTYL)
VALUES ('SOP', 'SOP', '162', '162', 'PT');

INSERT INTO charlie3d (RSAB, SF, TFR, CFR, TTYL)
VALUES ('MVX', 'MVX', '77', '76', 'PT');
