-- SOLUTION: SELECT * FROM sqlsearchdata.kilo GROUP BY LUI;

INSERT INTO kilo (LUI, CUI) VALUES ('L0002349', 'C0002349');
INSERT INTO kilo (LUI, CUI) VALUES ('L0002422', 'C0002367');
INSERT INTO kilo (LUI, CUI) VALUES ('L0002372', 'C0002372');
INSERT INTO kilo (LUI, CUI) VALUES ('L0002376', 'C0002377');
INSERT INTO kilo (LUI, CUI) VALUES ('L0002391', 'C1800706');
INSERT INTO kilo (LUI, CUI) VALUES ('L0002395', 'C0002395');
INSERT INTO kilo (LUI, CUI) VALUES ('L0002401', 'C0002401');
INSERT INTO kilo (LUI, CUI) VALUES ('L0002422', 'C0002422');
INSERT INTO kilo (LUI, CUI) VALUES ('L0002372', 'C0002438');
INSERT INTO kilo (LUI, CUI) VALUES ('L0002401', 'C0002453');
INSERT INTO kilo (LUI, CUI) VALUES ('L0002349', 'C0002454');
INSERT INTO kilo (LUI, CUI) VALUES ('L0002479', 'C0002488');
INSERT INTO kilo (LUI, CUI) VALUES ('L0002482', 'C0002482');
INSERT INTO kilo (LUI, CUI) VALUES ('L0002395', 'C0002483');
INSERT INTO kilo (LUI, CUI) VALUES ('L0002498', 'C0015020');
INSERT INTO kilo (LUI, CUI) VALUES ('L0002508', 'C0002508');
INSERT INTO kilo (LUI, CUI) VALUES ('L0002479', 'C0002518');
INSERT INTO kilo (LUI, CUI) VALUES ('L0002349', 'C0002520');
INSERT INTO kilo (LUI, CUI) VALUES ('L0002525', 'C0002525');
INSERT INTO kilo (LUI, CUI) VALUES ('L0002535', 'C0002503');
INSERT INTO kilo (LUI, CUI) VALUES ('L0002395', 'C0000473');


INSERT INTO kilod (LUI, CUI) VALUES ('L0002349', 'C0002349');
INSERT INTO kilod (LUI, CUI) VALUES ('L0002372', 'C0002372');
INSERT INTO kilod (LUI, CUI) VALUES ('L0002376', 'C0002377');
INSERT INTO kilod (LUI, CUI) VALUES ('L0002391', 'C1800706');
INSERT INTO kilod (LUI, CUI) VALUES ('L0002395', 'C0002395');
INSERT INTO kilod (LUI, CUI) VALUES ('L0002401', 'C0002401');
INSERT INTO kilod (LUI, CUI) VALUES ('L0002422', 'C0002367');
INSERT INTO kilod (LUI, CUI) VALUES ('L0002479', 'C0002488');
INSERT INTO kilod (LUI, CUI) VALUES ('L0002482', 'C0002482');
INSERT INTO kilod (LUI, CUI) VALUES ('L0002498', 'C0015020');
INSERT INTO kilod (LUI, CUI) VALUES ('L0002508', 'C0002508');
INSERT INTO kilod (LUI, CUI) VALUES ('L0002525', 'C0002525');
INSERT INTO kilod (LUI, CUI) VALUES ('L0002535', 'C0002503');

INSERT INTO kilo2 (LUI, CUI) VALUES ('L0002948', 'C0003855');
INSERT INTO kilo2 (LUI, CUI) VALUES ('L0002961', 'C0002962');
INSERT INTO kilo2 (LUI, CUI) VALUES ('L0002975', 'C0302600');
INSERT INTO kilo2 (LUI, CUI) VALUES ('L0003006', 'C0002989');
INSERT INTO kilo2 (LUI, CUI) VALUES ('L0002989', 'C0002989');
INSERT INTO kilo2 (LUI, CUI) VALUES ('L0002990', 'C0018916');
INSERT INTO kilo2 (LUI, CUI) VALUES ('L0002994', 'C0002994');
INSERT INTO kilo2 (LUI, CUI) VALUES ('L0002996', 'C0002996');
INSERT INTO kilo2 (LUI, CUI) VALUES ('L0002999', 'C0018923');
INSERT INTO kilo2 (LUI, CUI) VALUES ('L0003003', 'C0022709');
INSERT INTO kilo2 (LUI, CUI) VALUES ('L0003006', 'C0003006');
INSERT INTO kilo2 (LUI, CUI) VALUES ('L0003008', 'C0022709');
INSERT INTO kilo2 (LUI, CUI) VALUES ('L0003009', 'C0003009');
INSERT INTO kilo2 (LUI, CUI) VALUES ('L0002948', 'C0003015');
INSERT INTO kilo2 (LUI, CUI) VALUES ('L0002961', 'C0003017');
INSERT INTO kilo2 (LUI, CUI) VALUES ('L0002990', 'C0003018');
INSERT INTO kilo2 (LUI, CUI) VALUES ('L0002999', 'C0003025');
INSERT INTO kilo2 (LUI, CUI) VALUES ('L0003008', 'C0162359');
INSERT INTO kilo2 (LUI, CUI) VALUES ('L0003035', 'C0003035');
INSERT INTO kilo2 (LUI, CUI) VALUES ('L0003009', 'C0003036');
INSERT INTO kilo2 (LUI, CUI) VALUES ('L0003043', 'C0003062');
INSERT INTO kilo2 (LUI, CUI) VALUES ('L0003006', 'C0003074');
INSERT INTO kilo2 (LUI, CUI) VALUES ('L0003077', 'C0003077');
INSERT INTO kilo2 (LUI, CUI) VALUES ('L0002999', 'C0003080');
INSERT INTO kilo2 (LUI, CUI) VALUES ('L0003086', 'C0003086');
INSERT INTO kilo2 (LUI, CUI) VALUES ('L0002975', 'C0399352');
INSERT INTO kilo2 (LUI, CUI) VALUES ('L0003113', 'C0003113');
INSERT INTO kilo2 (LUI, CUI) VALUES ('L0003117', 'C0003117');
INSERT INTO kilo2 (LUI, CUI) VALUES ('L0003006', 'C0003123');


INSERT INTO kilo2d (LUI, CUI) VALUES ('L0002948', 'C0003855');
INSERT INTO kilo2d (LUI, CUI) VALUES ('L0002961', 'C0002962');
INSERT INTO kilo2d (LUI, CUI) VALUES ('L0002975', 'C0302600');
INSERT INTO kilo2d (LUI, CUI) VALUES ('L0002989', 'C0002989');
INSERT INTO kilo2d (LUI, CUI) VALUES ('L0002990', 'C0018916');
INSERT INTO kilo2d (LUI, CUI) VALUES ('L0002994', 'C0002994');
INSERT INTO kilo2d (LUI, CUI) VALUES ('L0002996', 'C0002996');
INSERT INTO kilo2d (LUI, CUI) VALUES ('L0002999', 'C0018923');
INSERT INTO kilo2d (LUI, CUI) VALUES ('L0003003', 'C0022709');
INSERT INTO kilo2d (LUI, CUI) VALUES ('L0003006', 'C0002989');
INSERT INTO kilo2d (LUI, CUI) VALUES ('L0003008', 'C0022709');
INSERT INTO kilo2d (LUI, CUI) VALUES ('L0003009', 'C0003009');
INSERT INTO kilo2d (LUI, CUI) VALUES ('L0003035', 'C0003035');
INSERT INTO kilo2d (LUI, CUI) VALUES ('L0003043', 'C0003062');
INSERT INTO kilo2d (LUI, CUI) VALUES ('L0003077', 'C0003077');
INSERT INTO kilo2d (LUI, CUI) VALUES ('L0003086', 'C0003086');
INSERT INTO kilo2d (LUI, CUI) VALUES ('L0003113', 'C0003113');
INSERT INTO kilo2d (LUI, CUI) VALUES ('L0003117', 'C0003117');