-- DISTINCT

-- SOLUTION: select distinct SVER from golf WHERE SVER < 1996;

-- SETUP:





INSERT INTO golf (VCUI, RCUI, VSAB, RSAB, SON, SF, SVER)
VALUES ('C1140092', 'C1140091', 'AIR93', 'AIR', 'AI/RHEUM, 1993', 'AIR', '1993');

INSERT INTO golf (VCUI, RCUI, VSAB, RSAB, SON, SF, SVER)
VALUES ('C1140098', 'C1140097', 'CST95', 'CST', 'COSTART, 1995', 'CST', '1995');

INSERT INTO golf (VCUI, RCUI, VSAB, RSAB, SON, SF, SVER)
VALUES ('C1140099', 'C1140100', 'DXP94', 'DXP', 'DXplain, 1994', 'DXP', '1994');

INSERT INTO golf (VCUI, RCUI, VSAB, RSAB, SON, SF, SVER)
VALUES ('C1140105', 'C1140106', 'LCH90', 'LCH', 'Library of Congress Subject Headings, 1990', 'LCH', '1990');

INSERT INTO golf (VCUI, RCUI, VSAB, RSAB, SON, SF, SVER)
VALUES ('C1140107', 'C1140108', 'MCM92', 'MCM', 'McMaster University Epidemiology Terms, 1992', 'MCM', '1992');

INSERT INTO golf (VCUI, RCUI, VSAB, RSAB, SON, SF, SVER)
VALUES ('C1140146', 'C1140145', 'ICPC93', 'ICPC', 'International Classification of Primary Care, 1993', 'ICPC', '1993');

INSERT INTO golf (VCUI, RCUI, VSAB, RSAB, SON, SF, SVER)
VALUES ('C1140152', 'C1140153', 'QMR96', 'QMR', 'Quick Medical Reference (QMR), 1996', 'QMR', '1996');

INSERT INTO golf (VCUI, RCUI, VSAB, RSAB, SON, SF, SVER)
VALUES ('C1140163', 'C1140162', 'AOD2000', 'AOD', 'Alcohol and Other Drug Thesaurus, 2000', 'AOD', '2000');

INSERT INTO golf (VCUI, RCUI, VSAB, RSAB, SON, SF, SVER)
VALUES ('C1140190', 'C1140191', 'ICPCDAN_1993', 'ICPCDAN', 'ICPC, Danish Translation, 1993', 'ICPC', '1993');

INSERT INTO golf (VCUI, RCUI, VSAB, RSAB, SON, SF, SVER)
VALUES ('C1140193', 'C1140192', 'ICPCDUT_1993', 'ICPCDUT', 'ICPC, Dutch Translation, 1993', 'ICPC', '1993');

INSERT INTO golf (VCUI, RCUI, VSAB, RSAB, SON, SF, SVER)
VALUES ('C1140195', 'C1140194', 'ICPCFIN_1993', 'ICPCFIN', 'ICPC, Finnish Translation, 1993', 'ICPC', '1993');

INSERT INTO golf (VCUI, RCUI, VSAB, RSAB, SON, SF, SVER)
VALUES ('C1140197', 'C1140196', 'ICPCFRE_1993', 'ICPCFRE', 'ICPC, French Translation, 1993', 'ICPC', '1993');

INSERT INTO golf (VCUI, RCUI, VSAB, RSAB, SON, SF, SVER)
VALUES ('C1140199', 'C1140198', 'ICPCGER_1993', 'ICPCGER', 'ICPC, German Translation, 1993', 'ICPC', '1993');

INSERT INTO golf (VCUI, RCUI, VSAB, RSAB, SON, SF, SVER)
VALUES ('C1140201', 'C1140200', 'ICPCHUN_1993', 'ICPCHUN', 'ICPC, Hungarian Translation, 1993', 'ICPC', '1993');

INSERT INTO golf (VCUI, RCUI, VSAB, RSAB, SON, SF, SVER)
VALUES ('C1140204', 'C1140205', 'ICPCPOR_1993', 'ICPCPOR', 'ICPC, Portuguese Translation, 1993', 'ICPC', '1993');

INSERT INTO golf (VCUI, RCUI, VSAB, RSAB, SON, SF, SVER)
VALUES ('C1140206', 'C1140207', 'ICPCSPA_1993', 'ICPCSPA', 'ICPC, Spanish Translation, 1993', 'ICPC', '1993');

INSERT INTO golf (VCUI, RCUI, VSAB, RSAB, SON, SF, SVER)
VALUES ('C1140208', 'C1140209', 'ICPCSWE_1993', 'ICPCSWE', 'ICPC, Swedish Translation, 1993', 'ICPC', '1993');

INSERT INTO golf (VCUI, RCUI, VSAB, RSAB, SON, SF, SVER)
VALUES ('C1140223', 'C1140222', 'RAM99', 'RAM', 'QMR clinically related terms from Randolph A. Miller, 1999', 'RAM', '1999');

INSERT INTO golf (VCUI, RCUI, VSAB, RSAB, SON, SF, SVER)
VALUES ('C1140240', 'C1140241', 'ICPCBAQ_1993', 'ICPCBAQ', 'ICPC, Basque Translation, 1993', 'ICPC', '1993');

INSERT INTO golf (VCUI, RCUI, VSAB, RSAB, SON, SF, SVER)
VALUES ('C1140242', 'C1140243', 'ICPCHEB_1993', 'ICPCHEB', 'ICPC, Hebrew Translation, 1993', 'ICPC', '1993');

INSERT INTO golf (VCUI, RCUI, VSAB, RSAB, SON, SF, SVER)
VALUES ('C1140244', 'C1140245', 'NCISEER_1999', 'NCISEER', 'NCI SEER ICD Neoplasm Code Mappings, 1999', 'NCISEER', '1999');

INSERT INTO golf (VCUI, RCUI, VSAB, RSAB, SON, SF, SVER)
VALUES ('C1140291', 'C1140292', 'MTHMST2001', 'MTHMST', 'Metathesaurus Version of Minimal Standard Terminology Digestive Endoscopy, 2001', 'MTHMST', '2001');

INSERT INTO golf (VCUI, RCUI, VSAB, RSAB, SON, SF, SVER)
VALUES ('C1140293', 'C1140294', 'MTHMSTFRE_2001', 'MTHMSTFRE', 'Metathesaurus Version of Minimal Standard Terminology Digestive Endoscopy, French Translation, 2001', 'MTHMST', '2001');

INSERT INTO golf (VCUI, RCUI, VSAB, RSAB, SON, SF, SVER)
VALUES ('C1140296', 'C1140295', 'MTHMSTITA_2001', 'MTHMSTITA', 'Metathesaurus Version of Minimal Standard Terminology Digestive Endoscopy, Italian Translation, 2001', 'MTHMST', '2001');

-- GOAL:




INSERT INTO golfd (SVER) VALUES ('1993');

INSERT INTO golfd (SVER) VALUES ('1995');

INSERT INTO golfd (SVER) VALUES ('1994');

INSERT INTO golfd (SVER) VALUES ('1990');

INSERT INTO golfd (SVER) VALUES ('1992');


-- HIDDEN TESTS

-- SETUP 2





INSERT INTO golf2 (VCUI, RCUI, VSAB, RSAB, SON, SF, SVER)
VALUES ('C4743534', 'C3826810', 'NCI2018_NCPDP_1812', 'NCI_NCPDP', 'National Council for Prescription Drug Programs, 1812', 'NCI', '1812');

INSERT INTO golf2 (VCUI, RCUI, VSAB, RSAB, SON, SF, SVER)
VALUES ('C4743535', 'C3826812', 'NCI2018_KEGG_1812', 'NCI_KEGG', 'KEGG Pathway Database, 1812', 'NCI', '1812');

INSERT INTO golf2 (VCUI, RCUI, VSAB, RSAB, SON, SF, SVER)
VALUES ('C4743536', 'C3826820', 'NCI2018_CDISC_1812', 'NCI_CDISC', 'Clinical Data Interchange Standards Consortium, 1812', 'NCI', '1812');

INSERT INTO golf2 (VCUI, RCUI, VSAB, RSAB, SON, SF, SVER)
VALUES ('C4743537', 'C4329208', 'NCI2018_NCI-HGNC_1812', 'NCI_NCI-HGNC', 'NCI HUGO Gene Nomenclature, 1812', 'NCI', '1812');

INSERT INTO golf2 (VCUI, RCUI, VSAB, RSAB, SON, SF, SVER)
VALUES ('C4743538', 'C4552919', 'NCI2018_CTRP_1812', 'NCI_CTRP', 'Clinical Trials Reporting Program, 1812', 'NCI', '1812');

INSERT INTO golf2 (VCUI, RCUI, VSAB, RSAB, SON, SF, SVER)
VALUES ('C4743539', 'C4553192', 'NCI2018_CDISC-GLOSS_1812', 'NCI_CDISC-GLOSS', 'CDISC Glossary Terminology, 1812', 'NCI', '1812');

INSERT INTO golf2 (VCUI, RCUI, VSAB, RSAB, SON, SF, SVER)
VALUES ('C4743540', 'C4743543', 'NCI2018_CPTAC_1812', 'NCI_CPTAC', 'Clinical Proteomic Tumor Analysis Consortium Terms, 1812', 'NCI', '1812');

INSERT INTO golf2 (VCUI, RCUI, VSAB, RSAB, SON, SF, SVER)
VALUES ('C4743541', 'C4743542', 'NCI2018_INC_1812', 'NCI_INC', 'International Neonatal Consortium Terms, 1812', 'NCI', '1812');

INSERT INTO golf2 (VCUI, RCUI, VSAB, RSAB, SON, SF, SVER)
VALUES ('C4746242', 'C4074772', 'LNC-DE-AT_265', 'LNC-DE-AT', 'LOINC, German, Austria Edition, 265', 'LNC', '1065');

INSERT INTO golf2 (VCUI, RCUI, VSAB, RSAB, SON, SF, SVER)
VALUES ('C4746243', 'C4047278', 'LNC-DE-CH_265', 'LNC-DE-CH', 'LOINC, German, Switzerland Edition, 265', 'LNC', '2265');

INSERT INTO golf2 (VCUI, RCUI, VSAB, RSAB, SON, SF, SVER)
VALUES ('C4746244', 'C4047277', 'LNC-DE-DE_265', 'LNC-DE-DE', 'LOINC, German, Germany Edition, 265', 'LNC', '2650');

INSERT INTO golf2 (VCUI, RCUI, VSAB, RSAB, SON, SF, SVER)
VALUES ('C4746245', 'C4047276', 'LNC-EL-GR_265', 'LNC-EL-GR', 'LOINC, Greek, Greece Edition, 265', 'LNC', '1065');

-- GOAL 2:




INSERT INTO golf2d (SVER) VALUES ('1812');

INSERT INTO golf2d (SVER) VALUES ('1065');

